Workbook

Sheet 대시보드
B1: 임박재고 소진 성과 대시보드 | L1: 오늘 | M1: =TODAY()
B2: 자동 계산 시트 (입력 없음). 상태: 경과일 대비 진도로 판정.
B4: 총 소진 목표 | E4: 누적 실적 | H4: 달성률 | K4: 누적 매출(원) | N4: 최초 기한까지
B5: =SUM(소진목표!$J$5:$J$20) | E5: =SUM(실행관리!$J$5:$J$64) | H5: =IF(B5=0,0,E5/B5) | K5: =SUM(실행관리!$L$5:$L$64) | N5: =MIN(소진목표!$H$5:$H$20)-TODAY()
B7: ■ 모델별 소진 현황
B8: 모델명 | C8: 목표 | D8: 계획 배분 | E8: 미배분 | F8: 실적 | G8: 달성률 | H8: 잔여 | I8: 최초 기한 | J8: D-day | K8: 일 필요 소진 | L8: 상태
B9: CBTE-1 | C9: =SUMIF(소진목표!$D$5:$D$20,B9,소진목표!$J$5:$J$20) | D9: =SUMIF(실행관리!$E$5:$E$64,B9,실행관리!$I$5:$I$64) | E9: =MAX(0,C9-D9) | F9: =SUMIF(실행관리!$E$5:$E$64,B9,실행관리!$J$5:$J$64) | G9: =IF(C9=0,"-",F9/C9) | H9: =MAX(0,C9-F9) | I9: =IFERROR(_xlfn.MINIFS(소진목표!$H$5:$H$20,소진목표!$D$5:$D$20,B9,소진목표!$J$5:$J$20,">0"),"-") | J9: =IF(I9="-","-",I9-TODAY()) | K9: =IF(OR(H9=0,J9="-"),0,IF(J9<=0,H9,H9/J9)) | L9: =IF(C9=0,"목표없음",IF(H9=0,"달성",IF(J9<0,"기한초과",IF(F9/C9>=0.9*MIN(1,(TODAY()-기준정보!$C$4)/(I9-기준정보!$C$4)),"정상","지연"))))
B10: CBTE-7 | C10: =SUMIF(소진목표!$D$5:$D$20,B10,소진목표!$J$5:$J$20) | D10: =SUMIF(실행관리!$E$5:$E$64,B10,실행관리!$I$5:$I$64) | E10: =MAX(0,C10-D10) | F10: =SUMIF(실행관리!$E$5:$E$64,B10,실행관리!$J$5:$J$64) | G10: =IF(C10=0,"-",F10/C10) | H10: =MAX(0,C10-F10) | I10: =IFERROR(_xlfn.MINIFS(소진목표!$H$5:$H$20,소진목표!$D$5:$D$20,B10,소진목표!$J$5:$J$20,">0"),"-") | J10: =IF(I10="-","-",I10-TODAY()) | K10: =IF(OR(H10=0,J10="-"),0,IF(J10<=0,H10,H10/J10)) | L10: =IF(C10=0,"목표없음",IF(H10=0,"달성",IF(J10<0,"기한초과",IF(F10/C10>=0.9*MIN(1,(TODAY()-기준정보!$C$4)/(I10-기준정보!$C$4)),"정상","지연"))))
B11: CBTE-20 | C11: =SUMIF(소진목표!$D$5:$D$20,B11,소진목표!$J$5:$J$20) | D11: =SUMIF(실행관리!$E$5:$E$64,B11,실행관리!$I$5:$I$64) | E11: =MAX(0,C11-D11) | F11: =SUMIF(실행관리!$E$5:$E$64,B11,실행관리!$J$5:$J$64) | G11: =IF(C11=0,"-",F11/C11) | H11: =MAX(0,C11-F11) | I11: =IFERROR(_xlfn.MINIFS(소진목표!$H$5:$H$20,소진목표!$D$5:$D$20,B11,소진목표!$J$5:$J$20,">0"),"-") | J11: =IF(I11="-","-",I11-TODAY()) | K11: =IF(OR(H11=0,J11="-"),0,IF(J11<=0,H11,H11/J11)) | L11: =IF(C11=0,"목표없음",IF(H11=0,"달성",IF(J11<0,"기한초과",IF(F11/C11>=0.9*MIN(1,(TODAY()-기준정보!$C$4)/(I11-기준정보!$C$4)),"정상","지연"))))
B12: TBTE-7 | C12: =SUMIF(소진목표!$D$5:$D$20,B12,소진목표!$J$5:$J$20) | D12: =SUMIF(실행관리!$E$5:$E$64,B12,실행관리!$I$5:$I$64) | E12: =MAX(0,C12-D12) | F12: =SUMIF(실행관리!$E$5:$E$64,B12,실행관리!$J$5:$J$64) | G12: =IF(C12=0,"-",F12/C12) | H12: =MAX(0,C12-F12) | I12: =IFERROR(_xlfn.MINIFS(소진목표!$H$5:$H$20,소진목표!$D$5:$D$20,B12,소진목표!$J$5:$J$20,">0"),"-") | J12: =IF(I12="-","-",I12-TODAY()) | K12: =IF(OR(H12=0,J12="-"),0,IF(J12<=0,H12,H12/J12)) | L12: =IF(C12=0,"목표없음",IF(H12=0,"달성",IF(J12<0,"기한초과",IF(F12/C12>=0.9*MIN(1,(TODAY()-기준정보!$C$4)/(I12-기준정보!$C$4)),"정상","지연"))))
B13: TBTE-20 | C13: =SUMIF(소진목표!$D$5:$D$20,B13,소진목표!$J$5:$J$20) | D13: =SUMIF(실행관리!$E$5:$E$64,B13,실행관리!$I$5:$I$64) | E13: =MAX(0,C13-D13) | F13: =SUMIF(실행관리!$E$5:$E$64,B13,실행관리!$J$5:$J$64) | G13: =IF(C13=0,"-",F13/C13) | H13: =MAX(0,C13-F13) | I13: =IFERROR(_xlfn.MINIFS(소진목표!$H$5:$H$20,소진목표!$D$5:$D$20,B13,소진목표!$J$5:$J$20,">0"),"-") | J13: =IF(I13="-","-",I13-TODAY()) | K13: =IF(OR(H13=0,J13="-"),0,IF(J13<=0,H13,H13/J13)) | L13: =IF(C13=0,"목표없음",IF(H13=0,"달성",IF(J13<0,"기한초과",IF(F13/C13>=0.9*MIN(1,(TODAY()-기준정보!$C$4)/(I13-기준정보!$C$4)),"정상","지연"))))
B14: DBTE-7 | C14: =SUMIF(소진목표!$D$5:$D$20,B14,소진목표!$J$5:$J$20) | D14: =SUMIF(실행관리!$E$5:$E$64,B14,실행관리!$I$5:$I$64) | E14: =MAX(0,C14-D14) | F14: =SUMIF(실행관리!$E$5:$E$64,B14,실행관리!$J$5:$J$64) | G14: =IF(C14=0,"-",F14/C14) | H14: =MAX(0,C14-F14) | I14: =IFERROR(_xlfn.MINIFS(소진목표!$H$5:$H$20,소진목표!$D$5:$D$20,B14,소진목표!$J$5:$J$20,">0"),"-") | J14: =IF(I14="-","-",I14-TODAY()) | K14: =IF(OR(H14=0,J14="-"),0,IF(J14<=0,H14,H14/J14)) | L14: =IF(C14=0,"목표없음",IF(H14=0,"달성",IF(J14<0,"기한초과",IF(F14/C14>=0.9*MIN(1,(TODAY()-기준정보!$C$4)/(I14-기준정보!$C$4)),"정상","지연"))))
B15: DBTE-19 | C15: =SUMIF(소진목표!$D$5:$D$20,B15,소진목표!$J$5:$J$20) | D15: =SUMIF(실행관리!$E$5:$E$64,B15,실행관리!$I$5:$I$64) | E15: =MAX(0,C15-D15) | F15: =SUMIF(실행관리!$E$5:$E$64,B15,실행관리!$J$5:$J$64) | G15: =IF(C15=0,"-",F15/C15) | H15: =MAX(0,C15-F15) | I15: =IFERROR(_xlfn.MINIFS(소진목표!$H$5:$H$20,소진목표!$D$5:$D$20,B15,소진목표!$J$5:$J$20,">0"),"-") | J15: =IF(I15="-","-",I15-TODAY()) | K15: =IF(OR(H15=0,J15="-"),0,IF(J15<=0,H15,H15/J15)) | L15: =IF(C15=0,"목표없음",IF(H15=0,"달성",IF(J15<0,"기한초과",IF(F15/C15>=0.9*MIN(1,(TODAY()-기준정보!$C$4)/(I15-기준정보!$C$4)),"정상","지연"))))
B16: 합계 | C16: =SUM(C9:C15) | D16: =SUM(D9:D15) | E16: =SUM(E9:E15) | F16: =SUM(F9:F15) | G16: =IF(C16=0,"-",F16/C16) | H16: =SUM(H9:H15) | K16: =SUM(K9:K15)
B18: ■ 소진 방법별 성과
B19: 소진 방법 | D19: 건수 | E19: 계획 | F19: 실적 | G19: 달성률 | H19: 매출(원) | I19: 실적 비중
B20: =기준정보!B8 | D20: =COUNTIF(실행관리!$C$5:$C$64,B20) | E20: =SUMIF(실행관리!$C$5:$C$64,B20,실행관리!$I$5:$I$64) | F20: =SUMIF(실행관리!$C$5:$C$64,B20,실행관리!$J$5:$J$64) | G20: =IF(E20=0,"-",F20/E20) | H20: =SUMIF(실행관리!$C$5:$C$64,B20,실행관리!$L$5:$L$64) | I20: =IF($E$5=0,"-",F20/$E$5)
B21: =기준정보!B9 | D21: =COUNTIF(실행관리!$C$5:$C$64,B21) | E21: =SUMIF(실행관리!$C$5:$C$64,B21,실행관리!$I$5:$I$64) | F21: =SUMIF(실행관리!$C$5:$C$64,B21,실행관리!$J$5:$J$64) | G21: =IF(E21=0,"-",F21/E21) | H21: =SUMIF(실행관리!$C$5:$C$64,B21,실행관리!$L$5:$L$64) | I21: =IF($E$5=0,"-",F21/$E$5)
B22: =기준정보!B10 | D22: =COUNTIF(실행관리!$C$5:$C$64,B22) | E22: =SUMIF(실행관리!$C$5:$C$64,B22,실행관리!$I$5:$I$64) | F22: =SUMIF(실행관리!$C$5:$C$64,B22,실행관리!$J$5:$J$64) | G22: =IF(E22=0,"-",F22/E22) | H22: =SUMIF(실행관리!$C$5:$C$64,B22,실행관리!$L$5:$L$64) | I22: =IF($E$5=0,"-",F22/$E$5)
B23: =기준정보!B11 | D23: =COUNTIF(실행관리!$C$5:$C$64,B23) | E23: =SUMIF(실행관리!$C$5:$C$64,B23,실행관리!$I$5:$I$64) | F23: =SUMIF(실행관리!$C$5:$C$64,B23,실행관리!$J$5:$J$64) | G23: =IF(E23=0,"-",F23/E23) | H23: =SUMIF(실행관리!$C$5:$C$64,B23,실행관리!$L$5:$L$64) | I23: =IF($E$5=0,"-",F23/$E$5)
B24: =기준정보!B12 | D24: =COUNTIF(실행관리!$C$5:$C$64,B24) | E24: =SUMIF(실행관리!$C$5:$C$64,B24,실행관리!$I$5:$I$64) | F24: =SUMIF(실행관리!$C$5:$C$64,B24,실행관리!$J$5:$J$64) | G24: =IF(E24=0,"-",F24/E24) | H24: =SUMIF(실행관리!$C$5:$C$64,B24,실행관리!$L$5:$L$64) | I24: =IF($E$5=0,"-",F24/$E$5)
B25: =기준정보!B13 | D25: =COUNTIF(실행관리!$C$5:$C$64,B25) | E25: =SUMIF(실행관리!$C$5:$C$64,B25,실행관리!$I$5:$I$64) | F25: =SUMIF(실행관리!$C$5:$C$64,B25,실행관리!$J$5:$J$64) | G25: =IF(E25=0,"-",F25/E25) | H25: =SUMIF(실행관리!$C$5:$C$64,B25,실행관리!$L$5:$L$64) | I25: =IF($E$5=0,"-",F25/$E$5)
B26: =기준정보!B14 | D26: =COUNTIF(실행관리!$C$5:$C$64,B26) | E26: =SUMIF(실행관리!$C$5:$C$64,B26,실행관리!$I$5:$I$64) | F26: =SUMIF(실행관리!$C$5:$C$64,B26,실행관리!$J$5:$J$64) | G26: =IF(E26=0,"-",F26/E26) | H26: =SUMIF(실행관리!$C$5:$C$64,B26,실행관리!$L$5:$L$64) | I26: =IF($E$5=0,"-",F26/$E$5)
B27: =기준정보!B15 | D27: =COUNTIF(실행관리!$C$5:$C$64,B27) | E27: =SUMIF(실행관리!$C$5:$C$64,B27,실행관리!$I$5:$I$64) | F27: =SUMIF(실행관리!$C$5:$C$64,B27,실행관리!$J$5:$J$64) | G27: =IF(E27=0,"-",F27/E27) | H27: =SUMIF(실행관리!$C$5:$C$64,B27,실행관리!$L$5:$L$64) | I27: =IF($E$5=0,"-",F27/$E$5)
B28: =기준정보!B16 | D28: =COUNTIF(실행관리!$C$5:$C$64,B28) | E28: =SUMIF(실행관리!$C$5:$C$64,B28,실행관리!$I$5:$I$64) | F28: =SUMIF(실행관리!$C$5:$C$64,B28,실행관리!$J$5:$J$64) | G28: =IF(E28=0,"-",F28/E28) | H28: =SUMIF(실행관리!$C$5:$C$64,B28,실행관리!$L$5:$L$64) | I28: =IF($E$5=0,"-",F28/$E$5)
B29: =기준정보!B17 | D29: =COUNTIF(실행관리!$C$5:$C$64,B29) | E29: =SUMIF(실행관리!$C$5:$C$64,B29,실행관리!$I$5:$I$64) | F29: =SUMIF(실행관리!$C$5:$C$64,B29,실행관리!$J$5:$J$64) | G29: =IF(E29=0,"-",F29/E29) | H29: =SUMIF(실행관리!$C$5:$C$64,B29,실행관리!$L$5:$L$64) | I29: =IF($E$5=0,"-",F29/$E$5)
B30: =기준정보!B18 | D30: =COUNTIF(실행관리!$C$5:$C$64,B30) | E30: =SUMIF(실행관리!$C$5:$C$64,B30,실행관리!$I$5:$I$64) | F30: =SUMIF(실행관리!$C$5:$C$64,B30,실행관리!$J$5:$J$64) | G30: =IF(E30=0,"-",F30/E30) | H30: =SUMIF(실행관리!$C$5:$C$64,B30,실행관리!$L$5:$L$64) | I30: =IF($E$5=0,"-",F30/$E$5)
B31: =기준정보!B19 | D31: =COUNTIF(실행관리!$C$5:$C$64,B31) | E31: =SUMIF(실행관리!$C$5:$C$64,B31,실행관리!$I$5:$I$64) | F31: =SUMIF(실행관리!$C$5:$C$64,B31,실행관리!$J$5:$J$64) | G31: =IF(E31=0,"-",F31/E31) | H31: =SUMIF(실행관리!$C$5:$C$64,B31,실행관리!$L$5:$L$64) | I31: =IF($E$5=0,"-",F31/$E$5)
... B33: =기준정보!B21 | D33: =COUNTIF(실행관리!$C$5:$C$64,B33) | E33: =SUMIF(실행관리!$C$5:$C$64,B33,실행관리!$I$5:$I$64) | F33: =SUMIF(실행관리!$C$5:$C$64,B33,실행관리!$J$5:$J$64) | G33: =IF(E33=0,"-",F33/E33) | H33: =SUMIF(실행관리!$C$5:$C$64,B33,실행관리!$L$5:$L$64) | I33: =IF($E$5=0,"-",F33/$E$5)

Sheet 소진목표
B1: ① 소진 목표 (로트별)
B2: 기한까지 자연 출고 후 남는 악성 재고 = 소진 목표. 노란 칸만 수정.
B4: 분류 | C4: 중량 | D4: 모델명 | E4: 유통기한 | F4: 재고(개) | G4: 일평균 출고 | H4: 소진 기한 | I4: 기한까지 일수 | J4: 목표 소진 수량 | K4: D-day(오늘)
B5: 치킨 | C5: 28g | D5: CBTE-1 | E5: 46493 | F5: =85*24 | G5: =4*24/30 | H5: =E5-기준정보!$C$5 | I5: =H5-기준정보!$C$4 | J5: =MAX(0,ROUND(F5-I5*G5,0)) | K5: =H5-TODAY()
B6: 치킨 | C6: 198g | D6: CBTE-7 | E6: 46475 | F6: =44*8 | G6: =6*8/30 | H6: =E6-기준정보!$C$5 | I6: =H6-기준정보!$C$4 | J6: =MAX(0,ROUND(F6-I6*G6,0)) | K6: =H6-TODAY()
B7: 치킨 | C7: 198g | D7: CBTE-7 | E7: 46514 | F7: =105*8 | G7: =6*8/30 | H7: =E7-기준정보!$C$5 | I7: =H7-기준정보!$C$4 | J7: =MAX(0,ROUND(F7-I7*G7,0)) | K7: =H7-TODAY()
B8: 치킨 | C8: 567g | D8: CBTE-20 | E8: 46508 | F8: =274*4 | G8: =5*4/30 | H8: =E8-기준정보!$C$5 | I8: =H8-기준정보!$C$4 | J8: =MAX(0,ROUND(F8-I8*G8,0)) | K8: =H8-TODAY()
B9: 터키 | C9: 198g | D9: TBTE-7 | E9: 46475 | F9: =23*8 | G9: =7*8/30 | H9: =E9-기준정보!$C$5 | I9: =H9-기준정보!$C$4 | J9: =MAX(0,ROUND(F9-I9*G9,0)) | K9: =H9-TODAY()
B10: 터키 | C10: 198g | D10: TBTE-7 | E10: 46479 | F10: =40*8 | G10: =7*8/30 | H10: =E10-기준정보!$C$5 | I10: =H10-기준정보!$C$4 | J10: =MAX(0,ROUND(F10-I10*G10,0)) | K10: =H10-TODAY()
B11: 터키 | C11: 198g | D11: TBTE-7 | E11: 46515 | F11: =20*8 | G11: =7*8/30 | H11: =E11-기준정보!$C$5 | I11: =H11-기준정보!$C$4 | J11: =MAX(0,ROUND(F11-I11*G11,0)) | K11: =H11-TODAY()
B12: 터키 | C12: 198g | D12: TBTE-7 | E12: 46521 | F12: =100*8 | G12: =7*8/30 | H12: =E12-기준정보!$C$5 | I12: =H12-기준정보!$C$4 | J12: =MAX(0,ROUND(F12-I12*G12,0)) | K12: =H12-TODAY()
B13: 터키 | C13: 567g | D13: TBTE-20 | E13: 46507 | F13: =1*4 | G13: =11*4/30 | H13: =E13-기준정보!$C$5 | I13: =H13-기준정보!$C$4 | J13: =MAX(0,ROUND(F13-I13*G13,0)) | K13: =H13-TODAY()
B14: 터키 | C14: 567g | D14: TBTE-20 | E14: 46508 | F14: =74*4 | G14: =11*4/30 | H14: =E14-기준정보!$C$5 | I14: =H14-기준정보!$C$4 | J14: =MAX(0,ROUND(F14-I14*G14,0)) | K14: =H14-TODAY()
B15: 터키 | C15: 567g | D15: TBTE-20 | E15: 46519 | F15: =83*4 | G15: =11*4/30 | H15: =E15-기준정보!$C$5 | I15: =H15-기준정보!$C$4 | J15: =MAX(0,ROUND(F15-I15*G15,0)) | K15: =H15-TODAY()
B16: 터키 | C16: 567g | D16: TBTE-20 | E16: 46521 | F16: =77*4 | G16: =11*4/30 | H16: =E16-기준정보!$C$5 | I16: =H16-기준정보!$C$4 | J16: =MAX(0,ROUND(F16-I16*G16,0)) | K16: =H16-TODAY()
B17: 덕 | C17: 198g | D17: DBTE-7 | E17: 46464 | F17: =77*8 | G17: =8*8/30 | H17: =E17-기준정보!$C$5 | I17: =H17-기준정보!$C$4 | J17: =MAX(0,ROUND(F17-I17*G17,0)) | K17: =H17-TODAY()
B18: 덕 | C18: 198g | D18: DBTE-7 | E18: 46510 | F18: =97*8 | G18: =8*8/30 | H18: =E18-기준정보!$C$5 | I18: =H18-기준정보!$C$4 | J18: =MAX(0,ROUND(F18-I18*G18,0)) | K18: =H18-TODAY()
B19: 덕 | C19: 539g | D19: DBTE-19 | E19: 46501 | F19: =125*4 | G19: =4*4/30 | H19: =E19-기준정보!$C$5 | I19: =H19-기준정보!$C$4 | J19: =MAX(0,ROUND(F19-I19*G19,0)) | K19: =H19-TODAY()
B20: 덕 | C20: 539g | D20: DBTE-19 | E20: 46521 | F20: =151*4 | G20: =4*4/30 | H20: =E20-기준정보!$C$5 | I20: =H20-기준정보!$C$4 | J20: =MAX(0,ROUND(F20-I20*G20,0)) | K20: =H20-TODAY()
B21: 합계 | F21: =SUM(F5:F20) | J21: =SUM(J5:J20)
B23: ※ 목표 소진 수량 = 재고 − (기한까지 일수 × 일평균 출고). 0 이하면 자연 출고로 소진 가능 → 목표 0.
B24: ※ 일평균 출고 = 월 출고(박스×입수) ÷ 30. 유통기한·재고·일평균 출고는 실사 결과에 맞춰 수정.

Sheet 실행관리
B1: ② 실행 관리 (방법별 계획·실적)
B2: 한 줄 = 한 건의 소진 액션. 노란 칸 입력 → 달성률·상태 자동. 실적은 주 1회 업데이트.
B4: No | C4: 소진 방법 | D4: 상세 (인플루언서·거래처·옵션 등) | E4: 대상 모델 | F4: 담당자 | G4: 시작일 | H4: 종료일 | I4: 목표 수량 | J4: 실적 수량 | K4: 달성률 | L4: 매출(원) | M4: 상태 | N4: 부진 사유 / 다음 액션
B5: 1 | C5: 공동구매 | D5: 인플루언서: 부끄 | K5: =IF(OR(I5="",I5=0),"",J5/I5) | M5: =IF(C5="","",IF(AND(I5>0,J5>=I5),"완료",IF(G5="","미정",IF(TODAY()<G5,"예정",IF(AND(H5<>"",TODAY()>H5),"미달 종료","진행중")))))
B6: 2 | C6: 넾다세일 | K6: =IF(OR(I6="",I6=0),"",J6/I6) | M6: =IF(C6="","",IF(AND(I6>0,J6>=I6),"완료",IF(G6="","미정",IF(TODAY()<G6,"예정",IF(AND(H6<>"",TODAY()>H6),"미달 종료","진행중")))))
B7: 3 | C7: 자사몰 임박재고 프로모션 | D7: 기한 빠른 로트 우선 | K7: =IF(OR(I7="",I7=0),"",J7/I7) | M7: =IF(C7="","",IF(AND(I7>0,J7>=I7),"완료",IF(G7="","미정",IF(TODAY()<G7,"예정",IF(AND(H7<>"",TODAY()>H7),"미달 종료","진행중")))))
B8: 4 | C8: 박스 단위 할인(40-42%) | D8: 198 박스 1.5kg 19만 (42%) | K8: =IF(OR(I8="",I8=0),"",J8/I8) | M8: =IF(C8="","",IF(AND(I8>0,J8>=I8),"완료",IF(G8="","미정",IF(TODAY()<G8,"예정",IF(AND(H8<>"",TODAY()>H8),"미달 종료","진행중")))))
B9: 5 | C9: 박스 단위 할인(40-42%) | D9: 198 덕 1.5kg 19.9만 (42%) | E9: DBTE-7 | K9: =IF(OR(I9="",I9=0),"",J9/I9) | M9: =IF(C9="","",IF(AND(I9>0,J9>=I9),"완료",IF(G9="","미정",IF(TODAY()<G9,"예정",IF(AND(H9<>"",TODAY()>H9),"미달 종료","진행중")))))
B10: 6 | C10: 박스 단위 할인(40-42%) | D10: 567 박스 2.2kg 23.5만 (40%) | K10: =IF(OR(I10="",I10=0),"",J10/I10) | M10: =IF(C10="","",IF(AND(I10>0,J10>=I10),"완료",IF(G10="","미정",IF(TODAY()<G10,"예정",IF(AND(H10<>"",TODAY()>H10),"미달 종료","진행중")))))
B11: 7 | C11: 박스 단위 할인(40-42%) | D11: 539 박스 2.1kg 26.4만 (40%) | E11: DBTE-19 | K11: =IF(OR(I11="",I11=0),"",J11/I11) | M11: =IF(C11="","",IF(AND(I11>0,J11>=I11),"완료",IF(G11="","미정",IF(TODAY()<G11,"예정",IF(AND(H11<>"",TODAY()>H11),"미달 종료","진행중")))))
B12: 8 | C12: 28g 첫구매 프로모션 | D12: 첫 구매 고객 대상 | E12: CBTE-1 | K12: =IF(OR(I12="",I12=0),"",J12/I12) | M12: =IF(C12="","",IF(AND(I12>0,J12>=I12),"완료",IF(G12="","미정",IF(TODAY()<G12,"예정",IF(AND(H12<>"",TODAY()>H12),"미달 종료","진행중")))))
B13: 9 | C13: 묶음 옵션 판매 | D13: 대용량 상품에 소용량 옵션 추가 | K13: =IF(OR(I13="",I13=0),"",J13/I13) | M13: =IF(C13="","",IF(AND(I13>0,J13>=I13),"완료",IF(G13="","미정",IF(TODAY()<G13,"예정",IF(AND(H13<>"",TODAY()>H13),"미달 종료","진행중")))))
B14: 10 | C14: 리테일 임박재고 공급 | D14: 임박 전용 공급가 / 묶음 제안 | K14: =IF(OR(I14="",I14=0),"",J14/I14) | M14: =IF(C14="","",IF(AND(I14>0,J14>=I14),"완료",IF(G14="","미정",IF(TODAY()<G14,"예정",IF(AND(H14<>"",TODAY()>H14),"미달 종료","진행중")))))
B15: 11 | C15: B2B 발주 장려금 | D15: 장기 미발주·매출 하락 거래처 | K15: =IF(OR(I15="",I15=0),"",J15/I15) | M15: =IF(C15="","",IF(AND(I15>0,J15>=I15),"완료",IF(G15="","미정",IF(TODAY()<G15,"예정",IF(AND(H15<>"",TODAY()>H15),"미달 종료","진행중")))))
B16: 12 | C16: B2B 샘플 지원 | D16: 비인기 품목 발주 시 샘플 | K16: =IF(OR(I16="",I16=0),"",J16/I16) | M16: =IF(C16="","",IF(AND(I16>0,J16>=I16),"완료",IF(G16="","미정",IF(TODAY()<G16,"예정",IF(AND(H16<>"",TODAY()>H16),"미달 종료","진행중")))))
B17: 13 | C17: 블로그체험단 | K17: =IF(OR(I17="",I17=0),"",J17/I17) | M17: =IF(C17="","",IF(AND(I17>0,J17>=I17),"완료",IF(G17="","미정",IF(TODAY()<G17,"예정",IF(AND(H17<>"",TODAY()>H17),"미달 종료","진행중")))))
B18: 14 | C18: 메타광고 | K18: =IF(OR(I18="",I18=0),"",J18/I18) | M18: =IF(C18="","",IF(AND(I18>0,J18>=I18),"완료",IF(G18="","미정",IF(TODAY()<G18,"예정",IF(AND(H18<>"",TODAY()>H18),"미달 종료","진행중")))))
B19: 15 | C19: 카카오광고 | K19: =IF(OR(I19="",I19=0),"",J19/I19) | M19: =IF(C19="","",IF(AND(I19>0,J19>=I19),"완료",IF(G19="","미정",IF(TODAY()<G19,"예정",IF(AND(H19<>"",TODAY()>H19),"미달 종료","진행중")))))
B20: 16 | C20: 네이버파워링크 | K20: =IF(OR(I20="",I20=0),"",J20/I20) | M20: =IF(C20="","",IF(AND(I20>0,J20>=I20),"완료",IF(G20="","미정",IF(TODAY()<G20,"예정",IF(AND(H20<>"",TODAY()>H20),"미달 종료","진행중")))))
B21: 17 | K21: =IF(OR(I21="",I21=0),"",J21/I21) | M21: =IF(C21="","",IF(AND(I21>0,J21>=I21),"완료",IF(G21="","미정",IF(TODAY()<G21,"예정",IF(AND(H21<>"",TODAY()>H21),"미달 종료","진행중")))))
B22: 18 | K22: =IF(OR(I22="",I22=0),"",J22/I22) | M22: =IF(C22="","",IF(AND(I22>0,J22>=I22),"완료",IF(G22="","미정",IF(TODAY()<G22,"예정",IF(AND(H22<>"",TODAY()>H22),"미달 종료","진행중")))))
B23: 19 | K23: =IF(OR(I23="",I23=0),"",J23/I23) | M23: =IF(C23="","",IF(AND(I23>0,J23>=I23),"완료",IF(G23="","미정",IF(TODAY()<G23,"예정",IF(AND(H23<>"",TODAY()>H23),"미달 종료","진행중")))))
B24: 20 | K24: =IF(OR(I24="",I24=0),"",J24/I24) | M24: =IF(C24="","",IF(AND(I24>0,J24>=I24),"완료",IF(G24="","미정",IF(TODAY()<G24,"예정",IF(AND(H24<>"",TODAY()>H24),"미달 종료","진행중")))))
B25: 21 | K25: =IF(OR(I25="",I25=0),"",J25/I25) | M25: =IF(C25="","",IF(AND(I25>0,J25>=I25),"완료",IF(G25="","미정",IF(TODAY()<G25,"예정",IF(AND(H25<>"",TODAY()>H25),"미달 종료","진행중")))))
B26: 22 | K26: =IF(OR(I26="",I26=0),"",J26/I26) | M26: =IF(C26="","",IF(AND(I26>0,J26>=I26),"완료",IF(G26="","미정",IF(TODAY()<G26,"예정",IF(AND(H26<>"",TODAY()>H26),"미달 종료","진행중")))))
B27: 23 | K27: =IF(OR(I27="",I27=0),"",J27/I27) | M27: =IF(C27="","",IF(AND(I27>0,J27>=I27),"완료",IF(G27="","미정",IF(TODAY()<G27,"예정",IF(AND(H27<>"",TODAY()>H27),"미달 종료","진행중")))))
B28: 24 | K28: =IF(OR(I28="",I28=0),"",J28/I28) | M28: =IF(C28="","",IF(AND(I28>0,J28>=I28),"완료",IF(G28="","미정",IF(TODAY()<G28,"예정",IF(AND(H28<>"",TODAY()>H28),"미달 종료","진행중")))))
B29: 25 | K29: =IF(OR(I29="",I29=0),"",J29/I29) | M29: =IF(C29="","",IF(AND(I29>0,J29>=I29),"완료",IF(G29="","미정",IF(TODAY()<G29,"예정",IF(AND(H29<>"",TODAY()>H29),"미달 종료","진행중")))))
B30: 26 | K30: =IF(OR(I30="",I30=0),"",J30/I30) | M30: =IF(C30="","",IF(AND(I30>0,J30>=I30),"완료",IF(G30="","미정",IF(TODAY()<G30,"예정",IF(AND(H30<>"",TODAY()>H30),"미달 종료","진행중")))))
B31: 27 | K31: =IF(OR(I31="",I31=0),"",J31/I31) | M31: =IF(C31="","",IF(AND(I31>0,J31>=I31),"완료",IF(G31="","미정",IF(TODAY()<G31,"예정",IF(AND(H31<>"",TODAY()>H31),"미달 종료","진행중")))))
B32: 28 | K32: =IF(OR(I32="",I32=0),"",J32/I32) | M32: =IF(C32="","",IF(AND(I32>0,J32>=I32),"완료",IF(G32="","미정",IF(TODAY()<G32,"예정",IF(AND(H32<>"",TODAY()>H32),"미달 종료","진행중")))))
... B64: 60 | K64: =IF(OR(I64="",I64=0),"",J64/I64) | M64: =IF(C64="","",IF(AND(I64>0,J64>=I64),"완료",IF(G64="","미정",IF(TODAY()<G64,"예정",IF(AND(H64<>"",TODAY()>H64),"미달 종료","진행중")))))
B65: 합계 | I65: =SUM(I5:I64) | J65: =SUM(J5:J64) | K65: =IF(I65=0,"",J65/I65) | L65: =SUM(L5:L64)

Sheet 기준정보
B1: 기준정보
B2: 드롭다운 목록 · 기준일 (목표 산정 고정일)
B4: 목표 산정 기준일 | C4: 46302 | D4: ← 회의 기준일. 이 날짜로 목표 수량이 고정됩니다 (TODAY() 대신).
B5: 소진 기한 = 유통기한 − | C5: 30 | D5: 일
B7: 소진 방법 | D7: 모델명
B8: 공동구매 | D8: CBTE-1
B9: 넾다세일 | D9: CBTE-7
B10: 자사몰 임박재고 프로모션 | D10: CBTE-20
B11: 박스 단위 할인(40-42%) | D11: TBTE-7
B12: 28g 첫구매 프로모션 | D12: TBTE-20
B13: 묶음 옵션 판매 | D13: DBTE-7
B14: 리테일 임박재고 공급 | D14: DBTE-19
B15: B2B 발주 장려금
B16: B2B 샘플 지원
B17: 블로그체험단
B18: 메타광고
B19: 카카오광고
B20: 네이버파워링크
B21: 기타
