Workbook

Sheet Sheet1
C1: 목표 | F1: 실행 기간 | G1: 실행 결과 | J1: 1000
C2: 판매 | D2: 모집 필요 인원 | E2: 판매전환율 | G2: 인플루언서 명 | H2: 실제 모집 인원 | I2: 전환율 | J2: 판매수 | K2: 매출 | L2: 판매 부진 사유
A3: 스몰바이트 | B3: 공동구매 | C3: 1000 | D3: 10000 | E3: =10% | G3: 부끄 | H3: 5000 | I3: 0.1 | J3: =H3*I3 | K3: 5000000 | L3: 예) 채팅창 모니터링 결과 주식 급여라는 호스트의 말에 사람들이 수긍하지 않았던 것으로 보임 다음 액션: 판매 가이드를 토핑으로 시작해 주식 급여 바뀌는 고객들이 많다는 증거 자료 제시
B4: 넾다세일
B6: 블로그체험단
B7: 메타광고
B8: 카카오광고
B12: 소진계획
B13: 네이버파워링크

Sheet 데이터 기본
B1: =TODAY() | J1: 기한: 유통기한보다 30일 전
M2: (목표보다 조기 소진)
B3: 분류 | D3: 중량 | E3: 모델명 | F3: 유통기한 | G3: 수량 | H3: 합계 | I3: 일평균 출고량 | J3: 기한 | K3: 기한까지 남는 악성 재고 (개) | M3: * 60일 기준 일 필요 판매량 | N3: 목표 달성 위한 일 판매량 | O3: 현재 판매량과의 갭 (배수) | P3: 현재 판매량과의 갭 (백분율) | Q3: SKU별 목표 달성 일 판매량 (선입선출)
B4: 스몰바이트 | C4: 치킨 | D4: 28g | E4: CBTE-1 | F4: 46493 | G4: =85*24 | H4: =G4 | I4: =4*24/30 | J4: =F4-$B$1-30 | K4: =G4-(J4*I4) | M4: =H4/60 | N4: =G4/J4 | O4: =N4/I4 | P4: 3.984375 | Q4: =$G4/$J4
D5: 198g | E5: CBTE-7 | F5: 46475 | G5: =44*8 | H5: =G5+G6 | I5: =6*8/30 | J5: =F5-$B$1-30 | K5: =G5-(J5*I5) | M5: =H5/60 | N5: =G5/J5 | O5: =N5/I5 | P5: 1.5492958 | Q5: =MAX(SUM($G$5:$G5)/$J5,SUM($G$5:$G6)/$J6)
F6: 46514 | G6: =105*8 | J6: =F6-$B$1-30 | K6: =G6-(J6*I5) | M6: =H5/60 | N6: =G6/J6 | O6: =N6/I5 | P6: 2.9005525
D7: 567g | E7: CBTE-20 | F7: 46508 | G7: =274*4 | H7: =G7 | I7: =5*4/30 | J7: =F7-$B$1-30 | K7: =G7-(J7*I7) | M7: =H7/60 | N7: =G7/J7 | O7: =N7/I7 | P7: 9.3942857 | Q7: =$G7/$J7
C8: 터키 | D8: 198g | E8: TBTE-7 | F8: 46475 | G8: =23*8 | H8: =SUM(G8:G11) | I8: =7*8/30 | J8: =F8-$B$1-30 | K8: =G8-(J8*I8) | M8: =$H$8/60 | N8: =G8/J8 | O8: =N8/I8 | P8: 0.69416499 | Q8: =MAX(SUM($G$8:$G8)/$J8,SUM($G$8:$G9)/$J9,SUM($G$8:$G10)/$J10,SUM($G$8:$G11)/$J11)
F9: 46479 | G9: =40*8 | J9: =F9-$B$1-30 | K9: =G9-(J9*I8) | M9: =$H$8/60 | N9: =G9/J9 | O9: =N9/I8 | P9: 1.1741683
F10: 46515 | G10: =20*8 | J10: =F10-$B$1-30 | K10: =G10-(J10*I8) | M10: =$H$8/60 | N10: =G10/J10 | O10: =N10/I8 | P10: 0.47095761
F11: 46521 | G11: =100*8 | J11: =F11-$B$1-30 | K11: =G11-(J11*I8) | M11: =$H$8/60 | N11: =G11/J11 | O11: =N11/I8 | P11: 2.2796353
D12: 567g | E12: TBTE-20 | F12: 46507 | G12: =1*4 | H12: =SUM(G12:G15) | I12: =11*4/30 | J12: =F12-$B$1-30 | K12: =G12-(J12*I12) | M12: =$H$12/60 | N12: =G12/J12 | O12: =N12/I12 | P12: 0.015673981 | Q12: =MAX(SUM($G$12:$G12)/$J12,SUM($G$12:$G13)/$J13,SUM($G$12:$G14)/$J14,SUM($G$12:$G15)/$J15)
F13: 46508 | G13: =74*4 | J13: =F13-$B$1-30 | K13: =G13-(J13*I12) | M13: =$H$12/60 | N13: =G13/J13 | O13: =N13/I12 | P13: 1.1532468
F14: 46519 | G14: =83*4 | J14: =F14-$B$1-30 | K14: =G14-(J14*I12) | M14: =$H$12/60 | N14: =G14/J14 | O14: =N14/I12 | P14: 1.2170088
F15: 46521 | G15: =77*4 | J15: =F15-$B$1-30 | K15: =G15-(J15*I12) | M15: =$H$12/60 | N15: =G15/J15 | O15: =N15/I12 | P15: 1.1170213
C16: 덕 | D16: 198g | E16: DBTE-7 | F16: 46464 | G16: =77*8 | H16: =G16+G17 | I16: =8*8/30 | J16: =F16-$B$1-30 | K16: =G16-(J16*I16) | M16: =$H$16/60 | N16: =G16/J16 | O16: =N16/I16 | P16: 2.2041985 | Q16: =MAX(SUM($G$16:$G16)/$J16,SUM($G$16:$G17)/$J17)
F17: 46510 | G17: =97*8 | J17: =F17-$B$1-30 | K17: =G17-(J17*I16) | M17: =$H$16/60 | N17: =G17/J17 | O17: =N17/I16 | P17: 2.0550847
D18: 539g | E18: DBTE-19 | F18: 46501 | G18: =125*4 | H18: =G19+G18 | I18: =4*4/30 | J18: =F18-$B$1-30 | K18: =G18-(J18*I18) | M18: =$H$18/60 | N18: =G18/J18 | O18: =N18/I18 | P18: 5.5803571 | Q18: =MAX(SUM($G$18:$G18)/$J18,SUM($G$18:$G19)/$J19)
F19: 46521 | G19: =151*4 | J19: =F19-$B$1-30 | K19: =G19-(J19*I18) | M19: =$H$18/60 | N19: =G19/J19 | O19: =N19/I18 | P19: 6.0239362
B22: 여기에 판매 시나리오 주차별로.
C23: 일 목표 판매량 | D23: 여기에 숫자 넣기
B25: 치킨 | C25: 28g | D25: CBTE-1 | E25: 46493
C26: 198g | D26: CBTE-7 | E26: 46475
E27: 46514
C28: 567g | D28: CBTE-20 | E28: 46508
B29: 터키 | C29: 198g | D29: TBTE-7 | E29: 46475
E30: 46479
E31: 46515
E32: 46521
C33: 567g | D33: TBTE-20 | E33: 46507
E34: 46508
E35: 46519
E36: 46521
B37: 덕 | C37: 198g | D37: DBTE-7 | E37: 46464
E38: 46510
C39: 539g | D39: DBTE-19 | E39: 46501
E40: 46521

Sheet 목표 달성 스케쥴 시나리오
C2: 여기에 판매 시나리오 주차별로.
C3: 일 목표 판매량 | D3: 여기에 숫자 넣기 | G3: 46313 | H3: =G3+7 | I3: =H3+7 | J3: =I3+7 | K3: =J3+7 | L3: =K3+7 | M3: =L3+7 | N3: =M3+7 | O3: =N3+7 | ... AK3: =AJ3+7
A4: 기존 평균 판매량 | B4: 목표 일 판매량 | G4: 10월 3주차 | H4: 10월 4주차 | I4: 11월 1주차 | J4: =MONTH(J3)&"월 "&ROUNDUP(DAY(J3)/7,0)&"주차" | K4: =MONTH(K3)&"월 "&ROUNDUP(DAY(K3)/7,0)&"주차" | L4: =MONTH(L3)&"월 "&ROUNDUP(DAY(L3)/7,0)&"주차" | M4: =MONTH(M3)&"월 "&ROUNDUP(DAY(M3)/7,0)&"주차" | N4: =MONTH(N3)&"월 "&ROUNDUP(DAY(N3)/7,0)&"주차" | O4: =MONTH(O3)&"월 "&ROUNDUP(DAY(O3)/7,0)&"주차" | P4: =MONTH(P3)&"월 "&ROUNDUP(DAY(P3)/7,0)&"주차" | Q4: =MONTH(Q3)&"월 "&ROUNDUP(DAY(Q3)/7,0)&"주차" | ... AK4: =MONTH(AK3)&"월 "&ROUNDUP(DAY(AK3)/7,0)&"주차"
A5: =4*24/30 | C5: 치킨 | D5: 28g | E5: CBTE-1 | F5: 46493 | G5: =MIN('데이터 기본'!$G4,MAX(0,SUM('데이터 기본'!$G$4:$G4)-IF($B$5="",$A$5,$B$5)*MAX(0,G$3-'데이터 기본'!$B$1))) | H5: =MIN('데이터 기본'!$G4,MAX(0,SUM('데이터 기본'!$G$4:$G4)-IF($B$5="",$A$5,$B$5)*MAX(0,H$3-'데이터 기본'!$B$1))) | I5: =MIN('데이터 기본'!$G4,MAX(0,SUM('데이터 기본'!$G$4:$G4)-IF($B$5="",$A$5,$B$5)*MAX(0,I$3-'데이터 기본'!$B$1))) | J5: =MIN('데이터 기본'!$G4,MAX(0,SUM('데이터 기본'!$G$4:$G4)-IF($B$5="",$A$5,$B$5)*MAX(0,J$3-'데이터 기본'!$B$1))) | K5: =MIN('데이터 기본'!$G4,MAX(0,SUM('데이터 기본'!$G$4:$G4)-IF($B$5="",$A$5,$B$5)*MAX(0,K$3-'데이터 기본'!$B$1))) | L5: =MIN('데이터 기본'!$G4,MAX(0,SUM('데이터 기본'!$G$4:$G4)-IF($B$5="",$A$5,$B$5)*MAX(0,L$3-'데이터 기본'!$B$1))) | M5: =MIN('데이터 기본'!$G4,MAX(0,SUM('데이터 기본'!$G$4:$G4)-IF($B$5="",$A$5,$B$5)*MAX(0,M$3-'데이터 기본'!$B$1))) | N5: =MIN('데이터 기본'!$G4,MAX(0,SUM('데이터 기본'!$G$4:$G4)-IF($B$5="",$A$5,$B$5)*MAX(0,N$3-'데이터 기본'!$B$1))) | ... AK5: =MIN('데이터 기본'!$G4,MAX(0,SUM('데이터 기본'!$G$4:$G4)-IF($B$5="",$A$5,$B$5)*MAX(0,AK$3-'데이터 기본'!$B$1)))
A6: =6*8/30 | D6: 198g | E6: CBTE-7 | F6: 46475 | G6: =MIN('데이터 기본'!$G5,MAX(0,SUM('데이터 기본'!$G$5:$G5)-IF($B$6="",$A$6,$B$6)*MAX(0,G$3-'데이터 기본'!$B$1))) | H6: =MIN('데이터 기본'!$G5,MAX(0,SUM('데이터 기본'!$G$5:$G5)-IF($B$6="",$A$6,$B$6)*MAX(0,H$3-'데이터 기본'!$B$1))) | I6: =MIN('데이터 기본'!$G5,MAX(0,SUM('데이터 기본'!$G$5:$G5)-IF($B$6="",$A$6,$B$6)*MAX(0,I$3-'데이터 기본'!$B$1))) | J6: =MIN('데이터 기본'!$G5,MAX(0,SUM('데이터 기본'!$G$5:$G5)-IF($B$6="",$A$6,$B$6)*MAX(0,J$3-'데이터 기본'!$B$1))) | K6: =MIN('데이터 기본'!$G5,MAX(0,SUM('데이터 기본'!$G$5:$G5)-IF($B$6="",$A$6,$B$6)*MAX(0,K$3-'데이터 기본'!$B$1))) | L6: =MIN('데이터 기본'!$G5,MAX(0,SUM('데이터 기본'!$G$5:$G5)-IF($B$6="",$A$6,$B$6)*MAX(0,L$3-'데이터 기본'!$B$1))) | M6: =MIN('데이터 기본'!$G5,MAX(0,SUM('데이터 기본'!$G$5:$G5)-IF($B$6="",$A$6,$B$6)*MAX(0,M$3-'데이터 기본'!$B$1))) | N6: =MIN('데이터 기본'!$G5,MAX(0,SUM('데이터 기본'!$G$5:$G5)-IF($B$6="",$A$6,$B$6)*MAX(0,N$3-'데이터 기본'!$B$1))) | ... AK6: =MIN('데이터 기본'!$G5,MAX(0,SUM('데이터 기본'!$G$5:$G5)-IF($B$6="",$A$6,$B$6)*MAX(0,AK$3-'데이터 기본'!$B$1)))
F7: 46514 | G7: =MIN('데이터 기본'!$G6,MAX(0,SUM('데이터 기본'!$G$5:$G6)-IF($B$6="",$A$6,$B$6)*MAX(0,G$3-'데이터 기본'!$B$1))) | H7: =MIN('데이터 기본'!$G6,MAX(0,SUM('데이터 기본'!$G$5:$G6)-IF($B$6="",$A$6,$B$6)*MAX(0,H$3-'데이터 기본'!$B$1))) | I7: =MIN('데이터 기본'!$G6,MAX(0,SUM('데이터 기본'!$G$5:$G6)-IF($B$6="",$A$6,$B$6)*MAX(0,I$3-'데이터 기본'!$B$1))) | J7: =MIN('데이터 기본'!$G6,MAX(0,SUM('데이터 기본'!$G$5:$G6)-IF($B$6="",$A$6,$B$6)*MAX(0,J$3-'데이터 기본'!$B$1))) | K7: =MIN('데이터 기본'!$G6,MAX(0,SUM('데이터 기본'!$G$5:$G6)-IF($B$6="",$A$6,$B$6)*MAX(0,K$3-'데이터 기본'!$B$1))) | L7: =MIN('데이터 기본'!$G6,MAX(0,SUM('데이터 기본'!$G$5:$G6)-IF($B$6="",$A$6,$B$6)*MAX(0,L$3-'데이터 기본'!$B$1))) | M7: =MIN('데이터 기본'!$G6,MAX(0,SUM('데이터 기본'!$G$5:$G6)-IF($B$6="",$A$6,$B$6)*MAX(0,M$3-'데이터 기본'!$B$1))) | N7: =MIN('데이터 기본'!$G6,MAX(0,SUM('데이터 기본'!$G$5:$G6)-IF($B$6="",$A$6,$B$6)*MAX(0,N$3-'데이터 기본'!$B$1))) | ... AK7: =MIN('데이터 기본'!$G6,MAX(0,SUM('데이터 기본'!$G$5:$G6)-IF($B$6="",$A$6,$B$6)*MAX(0,AK$3-'데이터 기본'!$B$1)))
A8: =5*4/30 | D8: 567g | E8: CBTE-20 | F8: 46508 | G8: =MIN('데이터 기본'!$G7,MAX(0,SUM('데이터 기본'!$G$7:$G7)-IF($B$8="",$A$8,$B$8)*MAX(0,G$3-'데이터 기본'!$B$1))) | H8: =MIN('데이터 기본'!$G7,MAX(0,SUM('데이터 기본'!$G$7:$G7)-IF($B$8="",$A$8,$B$8)*MAX(0,H$3-'데이터 기본'!$B$1))) | I8: =MIN('데이터 기본'!$G7,MAX(0,SUM('데이터 기본'!$G$7:$G7)-IF($B$8="",$A$8,$B$8)*MAX(0,I$3-'데이터 기본'!$B$1))) | J8: =MIN('데이터 기본'!$G7,MAX(0,SUM('데이터 기본'!$G$7:$G7)-IF($B$8="",$A$8,$B$8)*MAX(0,J$3-'데이터 기본'!$B$1))) | K8: =MIN('데이터 기본'!$G7,MAX(0,SUM('데이터 기본'!$G$7:$G7)-IF($B$8="",$A$8,$B$8)*MAX(0,K$3-'데이터 기본'!$B$1))) | L8: =MIN('데이터 기본'!$G7,MAX(0,SUM('데이터 기본'!$G$7:$G7)-IF($B$8="",$A$8,$B$8)*MAX(0,L$3-'데이터 기본'!$B$1))) | M8: =MIN('데이터 기본'!$G7,MAX(0,SUM('데이터 기본'!$G$7:$G7)-IF($B$8="",$A$8,$B$8)*MAX(0,M$3-'데이터 기본'!$B$1))) | N8: =MIN('데이터 기본'!$G7,MAX(0,SUM('데이터 기본'!$G$7:$G7)-IF($B$8="",$A$8,$B$8)*MAX(0,N$3-'데이터 기본'!$B$1))) | ... AK8: =MIN('데이터 기본'!$G7,MAX(0,SUM('데이터 기본'!$G$7:$G7)-IF($B$8="",$A$8,$B$8)*MAX(0,AK$3-'데이터 기본'!$B$1)))
A9: =7*8/30 | C9: 터키 | D9: 198g | E9: TBTE-7 | F9: 46475 | G9: =MIN('데이터 기본'!$G8,MAX(0,SUM('데이터 기본'!$G$8:$G8)-IF($B$9="",$A$9,$B$9)*MAX(0,G$3-'데이터 기본'!$B$1))) | H9: =MIN('데이터 기본'!$G8,MAX(0,SUM('데이터 기본'!$G$8:$G8)-IF($B$9="",$A$9,$B$9)*MAX(0,H$3-'데이터 기본'!$B$1))) | I9: =MIN('데이터 기본'!$G8,MAX(0,SUM('데이터 기본'!$G$8:$G8)-IF($B$9="",$A$9,$B$9)*MAX(0,I$3-'데이터 기본'!$B$1))) | J9: =MIN('데이터 기본'!$G8,MAX(0,SUM('데이터 기본'!$G$8:$G8)-IF($B$9="",$A$9,$B$9)*MAX(0,J$3-'데이터 기본'!$B$1))) | K9: =MIN('데이터 기본'!$G8,MAX(0,SUM('데이터 기본'!$G$8:$G8)-IF($B$9="",$A$9,$B$9)*MAX(0,K$3-'데이터 기본'!$B$1))) | L9: =MIN('데이터 기본'!$G8,MAX(0,SUM('데이터 기본'!$G$8:$G8)-IF($B$9="",$A$9,$B$9)*MAX(0,L$3-'데이터 기본'!$B$1))) | M9: =MIN('데이터 기본'!$G8,MAX(0,SUM('데이터 기본'!$G$8:$G8)-IF($B$9="",$A$9,$B$9)*MAX(0,M$3-'데이터 기본'!$B$1))) | N9: =MIN('데이터 기본'!$G8,MAX(0,SUM('데이터 기본'!$G$8:$G8)-IF($B$9="",$A$9,$B$9)*MAX(0,N$3-'데이터 기본'!$B$1))) | ... AK9: =MIN('데이터 기본'!$G8,MAX(0,SUM('데이터 기본'!$G$8:$G8)-IF($B$9="",$A$9,$B$9)*MAX(0,AK$3-'데이터 기본'!$B$1)))
F10: 46479 | G10: =MIN('데이터 기본'!$G9,MAX(0,SUM('데이터 기본'!$G$8:$G9)-IF($B$9="",$A$9,$B$9)*MAX(0,G$3-'데이터 기본'!$B$1))) | H10: =MIN('데이터 기본'!$G9,MAX(0,SUM('데이터 기본'!$G$8:$G9)-IF($B$9="",$A$9,$B$9)*MAX(0,H$3-'데이터 기본'!$B$1))) | I10: =MIN('데이터 기본'!$G9,MAX(0,SUM('데이터 기본'!$G$8:$G9)-IF($B$9="",$A$9,$B$9)*MAX(0,I$3-'데이터 기본'!$B$1))) | J10: =MIN('데이터 기본'!$G9,MAX(0,SUM('데이터 기본'!$G$8:$G9)-IF($B$9="",$A$9,$B$9)*MAX(0,J$3-'데이터 기본'!$B$1))) | K10: =MIN('데이터 기본'!$G9,MAX(0,SUM('데이터 기본'!$G$8:$G9)-IF($B$9="",$A$9,$B$9)*MAX(0,K$3-'데이터 기본'!$B$1))) | L10: =MIN('데이터 기본'!$G9,MAX(0,SUM('데이터 기본'!$G$8:$G9)-IF($B$9="",$A$9,$B$9)*MAX(0,L$3-'데이터 기본'!$B$1))) | M10: =MIN('데이터 기본'!$G9,MAX(0,SUM('데이터 기본'!$G$8:$G9)-IF($B$9="",$A$9,$B$9)*MAX(0,M$3-'데이터 기본'!$B$1))) | N10: =MIN('데이터 기본'!$G9,MAX(0,SUM('데이터 기본'!$G$8:$G9)-IF($B$9="",$A$9,$B$9)*MAX(0,N$3-'데이터 기본'!$B$1))) | ... AK10: =MIN('데이터 기본'!$G9,MAX(0,SUM('데이터 기본'!$G$8:$G9)-IF($B$9="",$A$9,$B$9)*MAX(0,AK$3-'데이터 기본'!$B$1)))
F11: 46515 | G11: =MIN('데이터 기본'!$G10,MAX(0,SUM('데이터 기본'!$G$8:$G10)-IF($B$9="",$A$9,$B$9)*MAX(0,G$3-'데이터 기본'!$B$1))) | H11: =MIN('데이터 기본'!$G10,MAX(0,SUM('데이터 기본'!$G$8:$G10)-IF($B$9="",$A$9,$B$9)*MAX(0,H$3-'데이터 기본'!$B$1))) | I11: =MIN('데이터 기본'!$G10,MAX(0,SUM('데이터 기본'!$G$8:$G10)-IF($B$9="",$A$9,$B$9)*MAX(0,I$3-'데이터 기본'!$B$1))) | J11: =MIN('데이터 기본'!$G10,MAX(0,SUM('데이터 기본'!$G$8:$G10)-IF($B$9="",$A$9,$B$9)*MAX(0,J$3-'데이터 기본'!$B$1))) | K11: =MIN('데이터 기본'!$G10,MAX(0,SUM('데이터 기본'!$G$8:$G10)-IF($B$9="",$A$9,$B$9)*MAX(0,K$3-'데이터 기본'!$B$1))) | L11: =MIN('데이터 기본'!$G10,MAX(0,SUM('데이터 기본'!$G$8:$G10)-IF($B$9="",$A$9,$B$9)*MAX(0,L$3-'데이터 기본'!$B$1))) | M11: =MIN('데이터 기본'!$G10,MAX(0,SUM('데이터 기본'!$G$8:$G10)-IF($B$9="",$A$9,$B$9)*MAX(0,M$3-'데이터 기본'!$B$1))) | N11: =MIN('데이터 기본'!$G10,MAX(0,SUM('데이터 기본'!$G$8:$G10)-IF($B$9="",$A$9,$B$9)*MAX(0,N$3-'데이터 기본'!$B$1))) | ... AK11: =MIN('데이터 기본'!$G10,MAX(0,SUM('데이터 기본'!$G$8:$G10)-IF($B$9="",$A$9,$B$9)*MAX(0,AK$3-'데이터 기본'!$B$1)))
F12: 46521 | G12: =MIN('데이터 기본'!$G11,MAX(0,SUM('데이터 기본'!$G$8:$G11)-IF($B$9="",$A$9,$B$9)*MAX(0,G$3-'데이터 기본'!$B$1))) | H12: =MIN('데이터 기본'!$G11,MAX(0,SUM('데이터 기본'!$G$8:$G11)-IF($B$9="",$A$9,$B$9)*MAX(0,H$3-'데이터 기본'!$B$1))) | I12: =MIN('데이터 기본'!$G11,MAX(0,SUM('데이터 기본'!$G$8:$G11)-IF($B$9="",$A$9,$B$9)*MAX(0,I$3-'데이터 기본'!$B$1))) | J12: =MIN('데이터 기본'!$G11,MAX(0,SUM('데이터 기본'!$G$8:$G11)-IF($B$9="",$A$9,$B$9)*MAX(0,J$3-'데이터 기본'!$B$1))) | K12: =MIN('데이터 기본'!$G11,MAX(0,SUM('데이터 기본'!$G$8:$G11)-IF($B$9="",$A$9,$B$9)*MAX(0,K$3-'데이터 기본'!$B$1))) | L12: =MIN('데이터 기본'!$G11,MAX(0,SUM('데이터 기본'!$G$8:$G11)-IF($B$9="",$A$9,$B$9)*MAX(0,L$3-'데이터 기본'!$B$1))) | M12: =MIN('데이터 기본'!$G11,MAX(0,SUM('데이터 기본'!$G$8:$G11)-IF($B$9="",$A$9,$B$9)*MAX(0,M$3-'데이터 기본'!$B$1))) | N12: =MIN('데이터 기본'!$G11,MAX(0,SUM('데이터 기본'!$G$8:$G11)-IF($B$9="",$A$9,$B$9)*MAX(0,N$3-'데이터 기본'!$B$1))) | ... AK12: =MIN('데이터 기본'!$G11,MAX(0,SUM('데이터 기본'!$G$8:$G11)-IF($B$9="",$A$9,$B$9)*MAX(0,AK$3-'데이터 기본'!$B$1)))
A13: =11*4/30 | D13: 567g | E13: TBTE-20 | F13: 46507 | G13: =MIN('데이터 기본'!$G12,MAX(0,SUM('데이터 기본'!$G$12:$G12)-IF($B$13="",$A$13,$B$13)*MAX(0,G$3-'데이터 기본'!$B$1))) | H13: =MIN('데이터 기본'!$G12,MAX(0,SUM('데이터 기본'!$G$12:$G12)-IF($B$13="",$A$13,$B$13)*MAX(0,H$3-'데이터 기본'!$B$1))) | I13: =MIN('데이터 기본'!$G12,MAX(0,SUM('데이터 기본'!$G$12:$G12)-IF($B$13="",$A$13,$B$13)*MAX(0,I$3-'데이터 기본'!$B$1))) | J13: =MIN('데이터 기본'!$G12,MAX(0,SUM('데이터 기본'!$G$12:$G12)-IF($B$13="",$A$13,$B$13)*MAX(0,J$3-'데이터 기본'!$B$1))) | K13: =MIN('데이터 기본'!$G12,MAX(0,SUM('데이터 기본'!$G$12:$G12)-IF($B$13="",$A$13,$B$13)*MAX(0,K$3-'데이터 기본'!$B$1))) | L13: =MIN('데이터 기본'!$G12,MAX(0,SUM('데이터 기본'!$G$12:$G12)-IF($B$13="",$A$13,$B$13)*MAX(0,L$3-'데이터 기본'!$B$1))) | M13: =MIN('데이터 기본'!$G12,MAX(0,SUM('데이터 기본'!$G$12:$G12)-IF($B$13="",$A$13,$B$13)*MAX(0,M$3-'데이터 기본'!$B$1))) | N13: =MIN('데이터 기본'!$G12,MAX(0,SUM('데이터 기본'!$G$12:$G12)-IF($B$13="",$A$13,$B$13)*MAX(0,N$3-'데이터 기본'!$B$1))) | ... AK13: =MIN('데이터 기본'!$G12,MAX(0,SUM('데이터 기본'!$G$12:$G12)-IF($B$13="",$A$13,$B$13)*MAX(0,AK$3-'데이터 기본'!$B$1)))
F14: 46508 | G14: =MIN('데이터 기본'!$G13,MAX(0,SUM('데이터 기본'!$G$12:$G13)-IF($B$13="",$A$13,$B$13)*MAX(0,G$3-'데이터 기본'!$B$1))) | H14: =MIN('데이터 기본'!$G13,MAX(0,SUM('데이터 기본'!$G$12:$G13)-IF($B$13="",$A$13,$B$13)*MAX(0,H$3-'데이터 기본'!$B$1))) | I14: =MIN('데이터 기본'!$G13,MAX(0,SUM('데이터 기본'!$G$12:$G13)-IF($B$13="",$A$13,$B$13)*MAX(0,I$3-'데이터 기본'!$B$1))) | J14: =MIN('데이터 기본'!$G13,MAX(0,SUM('데이터 기본'!$G$12:$G13)-IF($B$13="",$A$13,$B$13)*MAX(0,J$3-'데이터 기본'!$B$1))) | K14: =MIN('데이터 기본'!$G13,MAX(0,SUM('데이터 기본'!$G$12:$G13)-IF($B$13="",$A$13,$B$13)*MAX(0,K$3-'데이터 기본'!$B$1))) | L14: =MIN('데이터 기본'!$G13,MAX(0,SUM('데이터 기본'!$G$12:$G13)-IF($B$13="",$A$13,$B$13)*MAX(0,L$3-'데이터 기본'!$B$1))) | M14: =MIN('데이터 기본'!$G13,MAX(0,SUM('데이터 기본'!$G$12:$G13)-IF($B$13="",$A$13,$B$13)*MAX(0,M$3-'데이터 기본'!$B$1))) | N14: =MIN('데이터 기본'!$G13,MAX(0,SUM('데이터 기본'!$G$12:$G13)-IF($B$13="",$A$13,$B$13)*MAX(0,N$3-'데이터 기본'!$B$1))) | ... AK14: =MIN('데이터 기본'!$G13,MAX(0,SUM('데이터 기본'!$G$12:$G13)-IF($B$13="",$A$13,$B$13)*MAX(0,AK$3-'데이터 기본'!$B$1)))
F15: 46519 | G15: =MIN('데이터 기본'!$G14,MAX(0,SUM('데이터 기본'!$G$12:$G14)-IF($B$13="",$A$13,$B$13)*MAX(0,G$3-'데이터 기본'!$B$1))) | H15: =MIN('데이터 기본'!$G14,MAX(0,SUM('데이터 기본'!$G$12:$G14)-IF($B$13="",$A$13,$B$13)*MAX(0,H$3-'데이터 기본'!$B$1))) | I15: =MIN('데이터 기본'!$G14,MAX(0,SUM('데이터 기본'!$G$12:$G14)-IF($B$13="",$A$13,$B$13)*MAX(0,I$3-'데이터 기본'!$B$1))) | J15: =MIN('데이터 기본'!$G14,MAX(0,SUM('데이터 기본'!$G$12:$G14)-IF($B$13="",$A$13,$B$13)*MAX(0,J$3-'데이터 기본'!$B$1))) | K15: =MIN('데이터 기본'!$G14,MAX(0,SUM('데이터 기본'!$G$12:$G14)-IF($B$13="",$A$13,$B$13)*MAX(0,K$3-'데이터 기본'!$B$1))) | L15: =MIN('데이터 기본'!$G14,MAX(0,SUM('데이터 기본'!$G$12:$G14)-IF($B$13="",$A$13,$B$13)*MAX(0,L$3-'데이터 기본'!$B$1))) | M15: =MIN('데이터 기본'!$G14,MAX(0,SUM('데이터 기본'!$G$12:$G14)-IF($B$13="",$A$13,$B$13)*MAX(0,M$3-'데이터 기본'!$B$1))) | N15: =MIN('데이터 기본'!$G14,MAX(0,SUM('데이터 기본'!$G$12:$G14)-IF($B$13="",$A$13,$B$13)*MAX(0,N$3-'데이터 기본'!$B$1))) | ... AK15: =MIN('데이터 기본'!$G14,MAX(0,SUM('데이터 기본'!$G$12:$G14)-IF($B$13="",$A$13,$B$13)*MAX(0,AK$3-'데이터 기본'!$B$1)))
F16: 46521 | G16: =MIN('데이터 기본'!$G15,MAX(0,SUM('데이터 기본'!$G$12:$G15)-IF($B$13="",$A$13,$B$13)*MAX(0,G$3-'데이터 기본'!$B$1))) | H16: =MIN('데이터 기본'!$G15,MAX(0,SUM('데이터 기본'!$G$12:$G15)-IF($B$13="",$A$13,$B$13)*MAX(0,H$3-'데이터 기본'!$B$1))) | I16: =MIN('데이터 기본'!$G15,MAX(0,SUM('데이터 기본'!$G$12:$G15)-IF($B$13="",$A$13,$B$13)*MAX(0,I$3-'데이터 기본'!$B$1))) | J16: =MIN('데이터 기본'!$G15,MAX(0,SUM('데이터 기본'!$G$12:$G15)-IF($B$13="",$A$13,$B$13)*MAX(0,J$3-'데이터 기본'!$B$1))) | K16: =MIN('데이터 기본'!$G15,MAX(0,SUM('데이터 기본'!$G$12:$G15)-IF($B$13="",$A$13,$B$13)*MAX(0,K$3-'데이터 기본'!$B$1))) | L16: =MIN('데이터 기본'!$G15,MAX(0,SUM('데이터 기본'!$G$12:$G15)-IF($B$13="",$A$13,$B$13)*MAX(0,L$3-'데이터 기본'!$B$1))) | M16: =MIN('데이터 기본'!$G15,MAX(0,SUM('데이터 기본'!$G$12:$G15)-IF($B$13="",$A$13,$B$13)*MAX(0,M$3-'데이터 기본'!$B$1))) | N16: =MIN('데이터 기본'!$G15,MAX(0,SUM('데이터 기본'!$G$12:$G15)-IF($B$13="",$A$13,$B$13)*MAX(0,N$3-'데이터 기본'!$B$1))) | ... AK16: =MIN('데이터 기본'!$G15,MAX(0,SUM('데이터 기본'!$G$12:$G15)-IF($B$13="",$A$13,$B$13)*MAX(0,AK$3-'데이터 기본'!$B$1)))
A17: =8*8/30 | C17: 덕 | D17: 198g | E17: DBTE-7 | F17: 46464 | G17: =MIN('데이터 기본'!$G16,MAX(0,SUM('데이터 기본'!$G$16:$G16)-IF($B$17="",$A$17,$B$17)*MAX(0,G$3-'데이터 기본'!$B$1))) | H17: =MIN('데이터 기본'!$G16,MAX(0,SUM('데이터 기본'!$G$16:$G16)-IF($B$17="",$A$17,$B$17)*MAX(0,H$3-'데이터 기본'!$B$1))) | I17: =MIN('데이터 기본'!$G16,MAX(0,SUM('데이터 기본'!$G$16:$G16)-IF($B$17="",$A$17,$B$17)*MAX(0,I$3-'데이터 기본'!$B$1))) | J17: =MIN('데이터 기본'!$G16,MAX(0,SUM('데이터 기본'!$G$16:$G16)-IF($B$17="",$A$17,$B$17)*MAX(0,J$3-'데이터 기본'!$B$1))) | K17: =MIN('데이터 기본'!$G16,MAX(0,SUM('데이터 기본'!$G$16:$G16)-IF($B$17="",$A$17,$B$17)*MAX(0,K$3-'데이터 기본'!$B$1))) | L17: =MIN('데이터 기본'!$G16,MAX(0,SUM('데이터 기본'!$G$16:$G16)-IF($B$17="",$A$17,$B$17)*MAX(0,L$3-'데이터 기본'!$B$1))) | M17: =MIN('데이터 기본'!$G16,MAX(0,SUM('데이터 기본'!$G$16:$G16)-IF($B$17="",$A$17,$B$17)*MAX(0,M$3-'데이터 기본'!$B$1))) | N17: =MIN('데이터 기본'!$G16,MAX(0,SUM('데이터 기본'!$G$16:$G16)-IF($B$17="",$A$17,$B$17)*MAX(0,N$3-'데이터 기본'!$B$1))) | ... AK17: =MIN('데이터 기본'!$G16,MAX(0,SUM('데이터 기본'!$G$16:$G16)-IF($B$17="",$A$17,$B$17)*MAX(0,AK$3-'데이터 기본'!$B$1)))
F18: 46510 | G18: =MIN('데이터 기본'!$G17,MAX(0,SUM('데이터 기본'!$G$16:$G17)-IF($B$17="",$A$17,$B$17)*MAX(0,G$3-'데이터 기본'!$B$1))) | H18: =MIN('데이터 기본'!$G17,MAX(0,SUM('데이터 기본'!$G$16:$G17)-IF($B$17="",$A$17,$B$17)*MAX(0,H$3-'데이터 기본'!$B$1))) | I18: =MIN('데이터 기본'!$G17,MAX(0,SUM('데이터 기본'!$G$16:$G17)-IF($B$17="",$A$17,$B$17)*MAX(0,I$3-'데이터 기본'!$B$1))) | J18: =MIN('데이터 기본'!$G17,MAX(0,SUM('데이터 기본'!$G$16:$G17)-IF($B$17="",$A$17,$B$17)*MAX(0,J$3-'데이터 기본'!$B$1))) | K18: =MIN('데이터 기본'!$G17,MAX(0,SUM('데이터 기본'!$G$16:$G17)-IF($B$17="",$A$17,$B$17)*MAX(0,K$3-'데이터 기본'!$B$1))) | L18: =MIN('데이터 기본'!$G17,MAX(0,SUM('데이터 기본'!$G$16:$G17)-IF($B$17="",$A$17,$B$17)*MAX(0,L$3-'데이터 기본'!$B$1))) | M18: =MIN('데이터 기본'!$G17,MAX(0,SUM('데이터 기본'!$G$16:$G17)-IF($B$17="",$A$17,$B$17)*MAX(0,M$3-'데이터 기본'!$B$1))) | N18: =MIN('데이터 기본'!$G17,MAX(0,SUM('데이터 기본'!$G$16:$G17)-IF($B$17="",$A$17,$B$17)*MAX(0,N$3-'데이터 기본'!$B$1))) | ... AK18: =MIN('데이터 기본'!$G17,MAX(0,SUM('데이터 기본'!$G$16:$G17)-IF($B$17="",$A$17,$B$17)*MAX(0,AK$3-'데이터 기본'!$B$1)))
A19: =4*4/30 | D19: 539g | E19: DBTE-19 | F19: 46501 | G19: =MIN('데이터 기본'!$G18,MAX(0,SUM('데이터 기본'!$G$18:$G18)-IF($B$19="",$A$19,$B$19)*MAX(0,G$3-'데이터 기본'!$B$1))) | H19: =MIN('데이터 기본'!$G18,MAX(0,SUM('데이터 기본'!$G$18:$G18)-IF($B$19="",$A$19,$B$19)*MAX(0,H$3-'데이터 기본'!$B$1))) | I19: =MIN('데이터 기본'!$G18,MAX(0,SUM('데이터 기본'!$G$18:$G18)-IF($B$19="",$A$19,$B$19)*MAX(0,I$3-'데이터 기본'!$B$1))) | J19: =MIN('데이터 기본'!$G18,MAX(0,SUM('데이터 기본'!$G$18:$G18)-IF($B$19="",$A$19,$B$19)*MAX(0,J$3-'데이터 기본'!$B$1))) | K19: =MIN('데이터 기본'!$G18,MAX(0,SUM('데이터 기본'!$G$18:$G18)-IF($B$19="",$A$19,$B$19)*MAX(0,K$3-'데이터 기본'!$B$1))) | L19: =MIN('데이터 기본'!$G18,MAX(0,SUM('데이터 기본'!$G$18:$G18)-IF($B$19="",$A$19,$B$19)*MAX(0,L$3-'데이터 기본'!$B$1))) | M19: =MIN('데이터 기본'!$G18,MAX(0,SUM('데이터 기본'!$G$18:$G18)-IF($B$19="",$A$19,$B$19)*MAX(0,M$3-'데이터 기본'!$B$1))) | N19: =MIN('데이터 기본'!$G18,MAX(0,SUM('데이터 기본'!$G$18:$G18)-IF($B$19="",$A$19,$B$19)*MAX(0,N$3-'데이터 기본'!$B$1))) | ... AK19: =MIN('데이터 기본'!$G18,MAX(0,SUM('데이터 기본'!$G$18:$G18)-IF($B$19="",$A$19,$B$19)*MAX(0,AK$3-'데이터 기본'!$B$1)))
F20: 46521 | G20: =MIN('데이터 기본'!$G19,MAX(0,SUM('데이터 기본'!$G$18:$G19)-IF($B$19="",$A$19,$B$19)*MAX(0,G$3-'데이터 기본'!$B$1))) | H20: =MIN('데이터 기본'!$G19,MAX(0,SUM('데이터 기본'!$G$18:$G19)-IF($B$19="",$A$19,$B$19)*MAX(0,H$3-'데이터 기본'!$B$1))) | I20: =MIN('데이터 기본'!$G19,MAX(0,SUM('데이터 기본'!$G$18:$G19)-IF($B$19="",$A$19,$B$19)*MAX(0,I$3-'데이터 기본'!$B$1))) | J20: =MIN('데이터 기본'!$G19,MAX(0,SUM('데이터 기본'!$G$18:$G19)-IF($B$19="",$A$19,$B$19)*MAX(0,J$3-'데이터 기본'!$B$1))) | K20: =MIN('데이터 기본'!$G19,MAX(0,SUM('데이터 기본'!$G$18:$G19)-IF($B$19="",$A$19,$B$19)*MAX(0,K$3-'데이터 기본'!$B$1))) | L20: =MIN('데이터 기본'!$G19,MAX(0,SUM('데이터 기본'!$G$18:$G19)-IF($B$19="",$A$19,$B$19)*MAX(0,L$3-'데이터 기본'!$B$1))) | M20: =MIN('데이터 기본'!$G19,MAX(0,SUM('데이터 기본'!$G$18:$G19)-IF($B$19="",$A$19,$B$19)*MAX(0,M$3-'데이터 기본'!$B$1))) | N20: =MIN('데이터 기본'!$G19,MAX(0,SUM('데이터 기본'!$G$18:$G19)-IF($B$19="",$A$19,$B$19)*MAX(0,N$3-'데이터 기본'!$B$1))) | ... AK20: =MIN('데이터 기본'!$G19,MAX(0,SUM('데이터 기본'!$G$18:$G19)-IF($B$19="",$A$19,$B$19)*MAX(0,AK$3-'데이터 기본'!$B$1)))

Sheet Sheet3
B2: 소진 아이디어
B4: 온,오프라인 판매 방안 아이디어
B6: 1. 임박재고
B7: 자사몰 프로모션 및 공동구매로 판매 촉진
B8: 필요 시 리테일 거래처에도 임박재고 전용 공급가 또는
B9: 묶음 프로모션 제안하여 판매 채널 확대
B11: 2. 월 평균 수량 상승안
B12: (1) 묶음 옵션 판매 - 현재 월 평균 출고 수량이 떨어지는 품목들 중
B13: 소용량 제품(밀믹서 99, 디너 156)은 비교적 판매량이 높은 대용량 제품에 옵션으로 패키지 판매
B14: (현재 터키156 적용중)
B16: 10개 미만 판매 제품 50개 정도 판매 중 (2배 이상)
B17: (예. 밀믹서993 -> 226g 옵션으로 추가/2262 -> 510g 옵션으로 추가)
... B29: 5. 28g 첫 구매 [가장 많음]
